upsert_key,ticker,company_name,report_date,exchange,country,sector,industry,security_type,company description ,Auto Banned ,Auto Banned Reason,marketcap_usd_mn,revenue_total_usd_mn,totalassets_usd_mn,cash_st_conv_usd_mn,lt_invest_conv_usd_mn,methodology_name,screening_date,screening_run_at,Alraya Assets Modified,final_classification,final_classification_based_on_estimate,business_status,doubt_reason,debt_ratio_pct,debt_status,debt_threshold_pct,debt_conventional_usd_mn,cash_inv_ratio_pct,cash_inv_status,cash_inv_threshold_pct,npin_ratio_pct,npin_status,npin_threshold_pct,npin_numerator_usd_mn,interest_income_usd,nonop_unidentified_usd,purification_required,purification_pct_recommended,purification_pct_point,purification_pct_badge,est_purification_pct_recommended,est_purification_pct_point,est_purification_pct_lower,est_purification_pct_upper,estimated_npin_status,estimated_npin_threshold_pct,estimated_npin_purification_required,donut_series_json,donut_segments_json,website_story,final_shariah_summary,estimated_npin_final_shariah_summary,findings_bullets,references_json
ARAMCO AB_2024-12-31,ARAMCO AB,Saudi Arabian Oil Company (Saudi Aramco),2024-12-31,Saudi Exchange (Tadawul),Saudi Arabia,Energy,Integrated Oils,Equity,"One of the world's largest integrated oil and gas companies, with upstream and downstream operations.",FALSE,,"1,532,928.67","448,617.91","645,170.31","51,705.93","3,951.47",Invesense Methodology,2026-01-22,2026-01-21T00:00:00Z,PASS,Compliant with Purification,Compliant with Purification,PASS,"Fix A: Bloomberg interest fields 0; PDF fallback used — Interest income 16,868 SAR mn (Annual report Note 27, PDF p.64); FX SAR/USD=3.75 (SAMA Currency, last updated 2026-01-19) | Fix B: nonop_unidentified_usd negative; clamped to 0; no fallback applied | declared_shariah_entity=false: no issuer-level Shariah committee/fatwa/certificate found; financing includes Islamic Murabaha facility but this is not issuer-level Shariah governance (Annual report Note 19, PDF p.56) | Period mismatch: report_date vs AsOfDate; external providers may differ; estimation ranges widened (buffer=0.25pp)",5.5%,PASS,33.0%,"84,551.51",3.6%,PASS,33.0%,1.0%,PASS,5.0%,4498.13,"4,498,133,333",$0,TRUE,1.0%,1.0%,1.00%,1,1.0%,0.8%,1.3%,PASS,5.0%,TRUE,"[{""label"":""Haram"",""value"":1.0},{""label"":""Halal"",""value"":99.0}]","[{""name"":""Interest income (deposits & short-term investments)"",""point"":1.0,""lower"":0.75,""upper"":1.25,""confidence"":""Medium""}]","Saudi Arabian Oil Company (Saudi Aramco) screened using market-cap denominator. Debt 5.52% (≤33%) and cash+investments 3.63% (≤33%) both PASS. NPIN 1.00% (≤5%) driven by disclosed interest income requires purification.","Final verdict: Compliant with Purification. Ratios — Debt 5.52% (PASS), Cash+Inv 3.63% (PASS), NPIN 1.00% (PASS).","Purification estimate: 1.00% of revenue (range 0.75%–1.25%), primarily from interest income.","[""Market cap denominator used: $1,532,928.67mn; report_date=2024-12-31."",""Debt conventional=$84,551.51mn → debt_ratio=5.52% (threshold 33%) => PASS."",""Cash+Inv=$55,657.40mn → cash_inv_ratio=3.63% (threshold 33%) => PASS."",""NPIN numerator=$4,498.13mn (interest via FixA-4 PDF:Interest income (Note 27, PDF p.64) SAR->USD @3.75; nonop via Fix B) → npin_ratio=1.00% (threshold 5%) => PASS; purification_required=true.""]","[""id=R1 | title=Bloomberg-normalized financial snapshot (user-provided CSV) | used_for=Market cap, revenue, assets, cash/investments, borrowings, lease liabilities | type=other | url=Bloomberg Terminal export | accessed=2026-01-22"",""id=R2 | title=Saudi Aramco Annual Report 2024 (Consolidated Financial Statements 2024) | used_for=Fiscal year end confirmation (Year ended Dec 31, 2024) | type=report | url=local_file:/mnt/data/SAUDI ARAMCO__SAUDI ARAMCO_Annual_2025.pdf | accessed=2026-01-22"",""id=R3 | title=Saudi Aramco Annual Report 2024 (Note 27) | used_for=Fix A interest income fallback (Interest income SAR 16,868 mn, FY2024) | type=report | url=local_file:/mnt/data/SAUDI ARAMCO__SAUDI ARAMCO_Annual_2025.pdf | accessed=2026-01-22"",""id=R4 | title=Saudi Central Bank (SAMA) currency rates | used_for=FX SAR per USD (3.750000) used for converting PDF interest income to USD | type=other | url=https://www.sama.gov.sa/en-US/FinExc/Pages/Currency.aspx | accessed=2026-01-22"",""id=R5 | title=Aramco shareholder information | used_for=Exchange confirmation (Saudi Exchange) and ticker reference | type=ir | url=https://www.aramco.com/en/investors/shareholder-information/share-information | accessed=2026-01-22"",""id=R6 | title=Aramco About us | used_for=Company description (integrated oil and gas operations) | type=ir | url=https://www.aramco.com/en/about-us | accessed=2026-01-22""]"
IHC UH_2024-12-31,IHC UH,International Holding Company PJSC,2024-12-31,ADX,United Arab Emirates,Financials,Investment Companies,Equity,International Holding Company PJSC (IHC) is an Abu Dhabi-based holding company with a diversified portfolio of subsidiaries and investments.,TRUE,Investment/holding company without declared Shariah governance (policy patch),"238,681.44","30,860.27","109,413.01","15,494.76","19,453.20",Invesense Methodology,2026-01-22,2026-01-22T09:00:00Z,FAIL,Non-Compliant,Non-Compliant,FAIL,"Period mismatch: report_date vs AsOfDate; external providers may differ; estimation ranges widened; Fix A: Bloomberg interest fields 0; PDF fallback used: 'Interest income' (Balances with a financial institution transactions), AED'000 619,485 for year ended 31 Dec 2024; converted AED->USD at 3.6725 (CBUAE peg); source: Integrated Report 2024 PDF p.305 (doc p.219), Note 37.2 Transactions; Fix B: negative nonop clamped to 0; no fallback applied; Declared Shariah entity: no issuer-level Shariah governance evidence found in the Integrated Report scan; set declared_shariah_entity=false",9.2%,PASS,33.0%,"21,896.82",14.6%,PASS,33.0%,0.6%,PASS,5.0%,168.68,"168,682,097",0,FALSE,0.0%,0.0%,0.00%,0,0.0%,0.0%,0.0%,PASS,5.0%,FALSE,"[{""label"": ""Haram"", ""value"": 0}, {""label"": ""Halal"", ""value"": 0}]",[],"International Holding Company PJSC screened using Bloomberg-normalized USD inputs and the 2024 Integrated Report for period/governance checks. Ratios: Debt 9.17% (threshold 33%), Cash+Inv 14.64% (threshold 33%), NPIN 0.55% (threshold 5%). Policy auto-ban applies for investment/holding companies without declared issuer-level Shariah governance, so classification is Non-Compliant.","Non-Compliant due to policy auto-ban (investment/holding company without declared issuer-level Shariah governance). Debt 9.17% (PASS), Cash+Inv 14.64% (PASS), NPIN 0.55% (PASS).","Non-Compliant due to policy auto-ban (investment/holding company without declared issuer-level Shariah governance). Debt 9.17% (PASS), Cash+Inv 14.64% (PASS), NPIN 0.55% (PASS).","[""Auto Banned (policy patch): investment/holding sub-industry and declared_shariah_entity=false."", ""Debt ratio 9.17% using (Borrowings ST + Borrowings LT + Lease liabilities) / MarketCap (status PASS)."", ""Cash+Investments ratio 14.64% using CashPlusInv_USD / MarketCap (status PASS)."", ""NPIN ratio 0.55% using MAX(Interest income,0) + 0.5*MAX(non-op,0) over revenue (status PASS)."", ""Fix A applied: Interest income obtained from PDF note (Balances with a financial institution transactions)."", ""Fix B applied: negative nonop_unidentified_usd clamped to 0 with no fallback.""]","[""[id=R1 | title=Bloomberg-normalized inputs (uploaded CSV) | used_for=Market cap, revenue, assets, cash/investments, debt/leases, nonop placeholder | type=other | url=local_file:/mnt/data/1%20ticker.csv | accessed=2026-01-22]"", ""[id=R2 | title=IHC Integrated Report 2024 | used_for=Fiscal year-end confirmation and PDF fallback interest income (Fix A) + governance scan | type=report | url=local_file:/mnt/data/IHC__IHC_International%20Holding%20Company%20PJSC_IntegratedReport_2024.pdf | accessed=2026-01-22]"", ""[id=R3 | title=Central Bank of the UAE exchange rates | used_for=FX conversion AED->USD for PDF fallback amounts | type=other | url=https://www.centralbank.ae/en/forex-eibor/exchange-rates/ | accessed=2026-01-22]"", ""[id=R4 | title=Abu Dhabi Securities Exchange (ADX) company listing | used_for=Exchange confirmation | type=other | url=https://www.adx.ae/ | accessed=2026-01-22]""]"
TAQA UH_2024-12-31,TAQA UH,Abu Dhabi National Energy Company PJSC,2024-12-31,ADX,United Arab Emirates,Utilities,Power Generation,Equity,"UAE-based integrated energy and utilities group listed on the Abu Dhabi Securities Exchange (ADX), operating across power and water generation, transmission & distribution, oil & gas, and water solutions.",FALSE,,"107,767.78","15,320.31","165,072.13","1,761.83",605.82,Invesense Methodology,2026-01-22,2026-01-22T13:16:58+04:00,PASS,Compliant with Purification,Compliant with Purification,PASS,"Period mismatch: report_date vs AsOfDate; external providers may differ; estimation ranges widened. report_date set to 2024-12-31 (Integrated Report 2024 financial statements note shows 'YEAR ENDED 31 DECEMBER 2024'). AsOfDate=2026-01-23. Fix A=A1:InterestIncome_USD (InterestIncome_USD_effective=106,453,786.50); Fix B=Bpos:use_bbg (nonop_unidentified_usd_effective=279,917,791.00; Other operating income prohibited and not used). declared_shariah_entity=false: no issuer-level Shariah governance (SSB/committee/fatwa/certificate) found after keyword scan and governance section review of Integrated Report 2024. No PDF numeric fallback applied (Bloomberg inputs non-zero).",14.1%,PASS,33.0%,"15,185.35",2.2%,PASS,33.0%,1.6%,PASS,5.0%,246.41,"106,453,787",$279917791,TRUE,1.6%,1.6%,1.61%,1.61,1.6%,1.4%,1.9%,PASS,5.0%,TRUE,"[{""label"":""Haram"",""value"":1.61},{""label"":""Halal"",""value"":98.39}]","[{""name"":""Interest income (Bloomberg InterestIncome_USD)"",""point"":0.69,""lower"":0.69,""upper"":0.69,""confidence"":""High""},{""name"":""Other income proxy (0.5 × nonop_unidentified_usd)"",""point"":0.92,""lower"":0.92,""upper"":0.92,""confidence"":""Medium""}]","Abu Dhabi National Energy Company PJSC screens as Compliant with Purification. Debt ratio 14.09% (<=33) and cash+investments ratio 2.20% (<=33) both PASS using market cap denominator. Non-permissible income ratio (NPIN) is 1.61% (<=5), so purification of 1.61% is recommended. No issuer-level Shariah governance was identified in the 2024 Integrated Report, so declared_shariah_entity=false.","Verdict: Compliant with Purification. NPIN 1.61% (threshold 5%). Debt 14.09% (threshold 33%), Cash+Inv 2.20% (threshold 33%). Purification recommended: 1.61%.","Verdict unchanged (Compliant with Purification). Estimated purification range widened due to period mismatch (report_date 2024-12-31 vs AsOfDate 2026-01-23): 1.36%–1.86% around point 1.61%.","[""Market cap denominator (USD mn): 107767.78; all ratios use MarketCap only (Assets-Modified match)."",""Debt conventional (USD mn): 15185.35; debt_ratio_pct=14.09% → PASS (<=33%)."",""Cash+Investments (USD mn): 2367.65; cash_inv_ratio_pct=2.20% → PASS (<=33%)."",""NPIN numerator (USD mn): 246.41; npin_ratio_pct=1.61% → PASS (<=5%); purification_required=true."",""Fix A used A1:InterestIncome_USD; Fix B used Bpos:use_bbg; no PDF numeric fallback applied because Bloomberg inputs were non-zero."",""declared_shariah_entity=false (no issuer-level SSB/fatwa/certificate found in Integrated Report 2024 governance scan).""]","[""[id=R1 | title=Bloomberg normalized row for TAQA UH | used_for=all numeric inputs (USD) | type=other | url=Bloomberg Terminal export (user paste; no public URL) | accessed=2026-01-22]"",""[id=R2 | title=TAQA Integrated Report 2024 | used_for=report_date extraction (FY ended 31 Dec 2024) + Shariah governance scan | type=report | url=local_file:/mnt/data/TAQA__TAQA_Abu Dhabi National Energy Company_IntegratedReport_2024.pdf | accessed=2026-01-22]"",""[id=R3 | title=ADX company profile overview (TAQA) | used_for=exchange/country/company name confirmation | type=other | url=https://www.adx.ae/main-market/company-profile/overview?secCode=TAQA&symbols=TAQA | accessed=2026-01-22]"",""[id=R4 | title=About TAQA (ADDC) | used_for=business description + ADX listing confirmation | type=other | url=https://www.addc.ae/en-US/home/pages/AboutUs.aspx | accessed=2026-01-22]""]"
RJHI AB_2024-12-31,RJHI AB,AL RAJHI BANK,2024-12-31,Tadawul,Saudi Arabia,Financials,Banks,Equity,"Saudi banking group organized into retail, corporate, treasury, and investment services/brokerage segments, providing banking and investment services.",FALSE,,"104,453.88","18,588.68","259,381.73","15,282.45","1,724.86",Invesense Methodology,2026-01-22,2026-01-22T10:04:26Z,PASS,Compliant,Compliant,PASS,"report_date extracted as 2024-12-31 from ALRAJHI__ALRAJHI_Annual_2025.pdf (""For the years ended 31 December 2024 and 2023""). Period mismatch: report_date vs AsOfDate; external providers may differ; estimation ranges widened. Issuer-level Shariah governance confirmed via Al Rajhi Bank Shariah Board page; declared_shariah_entity=true. declared_shariah_entity=true override applied; ratios/NPIN bypassed.",0.0%,PASS,33.0%,"48,547.05",0.0%,PASS,33.0%,0.0%,PASS,5.0%,0,0,0,FALSE,0.0%,0.0%,0.00%,0,0.0%,0.0%,0.0%,PASS,5.0%,FALSE,"[{""label"":""Haram"",""value"":0},{""label"":""Halal"",""value"":100}]",[],"Al Rajhi Bank is a Saudi bank offering retail, corporate, treasury, and investment services.","Declared issuer-level Shariah governance is present (Shariah Board). Under the methodology override, the issuer is classified as Compliant and no purification is required.","Declared issuer-level Shariah governance is present (Shariah Board). Under the methodology override, the issuer is classified as Compliant and no purification is required.","[""Fiscal year end set to 2024-12-31 based on the audited consolidated financial statements."",""Issuer-level Shariah governance confirmed (independent Shariah Board); declared Shariah override applied."",""All ratio screens and NPIN/purification are bypassed under the declared Shariah entity override."",""Final classification is Compliant; purification is not required.""]","[""[id=R1 | title=Bloomberg Terminal export row for RJHI AB | used_for=canonical USD numerics (market cap, revenue, assets, cash/investments, debt components, NPIN) | type=other | url=Bloomberg Terminal export (user paste; no public URL) | accessed=2026-01-22]"",""[id=R2 | title=Al Rajhi Banking and Investment Corporation – Consolidated Financial Statements (Annual 2025 PDF) | used_for=report_date (FY end) and business/segment description | type=report | url=local_file:/mnt/data/ALRAJHI__ALRAJHI_Annual_2025.pdf | accessed=2026-01-22]"",""[id=R3 | title=Al Rajhi Bank – Shariah Board | used_for=issuer-level Shariah governance confirmation (declared_shariah_entity) | type=ir | url=https://www.alrajhibank.com.sa/en/About-alrajhi-bank/Shariah-Group | accessed=2026-01-22]"",""[id=R4 | title=Saudi Exchange (Tadawul) – Company Profile (1120) | used_for=exchange and country confirmation | type=other | url=https://www.saudiexchange.sa/wps/portal/saudiexchange/hidden/company-profile-main/%21ut/p/z1/04_Sj9CPykssy0xPLMnMz0vMAfIjo8ziTR3NDIw8LAz83d2MXA0C3SydAl1c3Q0NvE30I4EKzBEKDMKcTQzMDPxN3H19LAzdTU31w8syU8v1wwkpK8hOMgUA-oskdg%21%21/?companySymbol=1120 | accessed=2026-01-22]""]"
ADNOCGAS UH_2024-12-31,ADNOCGAS UH,ADNOC GAS PLC,2024-12-31,UH,United Arab Emirates,Energy,Midstream - Oil & Gas,Equity,"ADNOC Gas PLC is a world-class, large-scale integrated gas processing company focused on processing, marketing, and supplying natural gas and related products.",FALSE,,"74,401.91","18,953.72","30,825.54","3,432.99",500.00,Invesense Methodology,2026-01-22,2026-01-22T20:06:54+04:00,PASS,Compliant with Purification,Compliant with Purification,PASS,"report_date set to fiscal year end 2024-12-31 from Integrated Report 2024 (Consolidated Statement of Profit or Loss, p.47: 'For the year ended 31 December 2024'). | exchange set to Bloomberg code 'UH' (maps to Abu Dhabi Securities Exchange, ADX); country confirmed as UAE via ADX company profile. | declared_shariah_entity=false: no issuer-level Shariah supervisory board/committee or Shariah certificate found in Integrated Report 2024 or issuer corporate governance pages; Sukuk/facilities not treated as governance. | Fix A applied: Bloomberg interest income fields were 0, so finance income from the audited statement of profit or loss was used as InterestIncome_USD_effective (p.47: Finance income USD'000 127,134 (converted to USD 127,134,000)). | Fix B applied: Bloomberg nonop_unidentified_usd was negative; clamped to 0 with no operating-income fallback. | AsOfDate in Bloomberg snapshot is 2026-01-25; ratios tied to Bloomberg snapshot numerics but report_date tied to FY2024 PDF, so external comparisons may drift.",0.0%,PASS,33.0%,0.00,4.6%,PASS,33.0%,0.7%,PASS,5.0%,127.13,"127,134,000",$0,TRUE,0.7%,0.7%,0.67%,0.67,0.7%,0.7%,0.7%,PASS,5.0%,TRUE,"[{""label"":""Haram"",""value"":0.67},{""label"":""Halal"",""value"":99.33}]","[{""label"":""Finance income (scaled)"",""value"":0.67}]","ADNOC GAS PLC screens as Compliant with Purification. Balance sheet ratios pass using MarketCap as denominator (Debt 0.00% and Cash+Investments 4.61% vs 33% limits). NPIN is 0.67% of revenue (≤5%), so purification of 0.67% is recommended.","Compliant with Purification. Debt 0.00% (≤33), Cash+Investments 4.61% (≤33), NPIN 0.67% (≤5).","Estimated NPIN ratio is 0.67% (≤5) based on finance income proxy; estimated purification required.","[""Business activity: midstream gas processing/marketing (Energy); no auto-ban triggered."",""Debt ratio (Debt/MarketCap): 0.00% vs 33% threshold → PASS."",""Cash+Investments ratio (Cash+Inv/MarketCap): 4.61% vs 33% threshold → PASS."",""NPIN ratio (NPIN/Revenue): 0.67% vs 5% threshold → PASS; purification required at 0.67%.""]","[""[id=R1 | title=ADNOC Gas Integrated Report 2024 (audited consolidated financial statements) | used_for=report_date, finance income line item | type=filing | url=local_file:/mnt/data/ADNOCGAS__ADNOCGAS_ADNOC GAS PLC_IntegratedReport_2024.pdf | accessed=2026-01-22]"",""[id=R2 | title=ADNOC Gas Integrated Report 2024 (official issuer download) | used_for=company description confirmation | type=ir | url=https://afdshd01.adnoc.ae/adg-prd/-/media/gas/investor-relation/2025/adnoc-gas-integrated-report-2024-english.ashx | accessed=2026-01-22]"",""[id=R3 | title=ADX Company Profile Overview (ADNOCGAS) | used_for=exchange,country confirmation | type=other | url=https://www.adx.ae/en/main-market/company-profile/overview?secCode=ADNOCGAS&symbols=ADNOCGAS | accessed=2026-01-22]"",""[id=R4 | title=ADNOC Gas Corporate Governance | used_for=governance check (no issuer-level Shariah governance identified) | type=ir | url=https://www.adnocgas.ae/en/investor-relations/corporate-governance | accessed=2026-01-22]"",""[id=R5 | title=Bloomberg normalized financial snapshot row (USD) | used_for=market cap, revenue, assets, cash, borrowings/leases, nonop proxy inputs | type=other | url=Bloomberg Terminal export | accessed=2026-01-22]""]"
MAADEN AB_2024-12-31,MAADEN AB,Saudi Arabian Mining Company (Ma'aden),2024-12-31,TADAWUL,Saudi Arabia,Materials,Agricultural Chemicals,Equity,"Saudi Arabian Mining Company (Ma'aden) is a Saudi Arabia-based mining and metals company producing phosphate fertilizers (including ammonia), aluminium/alumina products, and industrial minerals, among other commodities.",FALSE,,"65,677.75","10,026.15","30,636.79","2,755.50",28.43,Invesense Methodology,2026-01-22,2026-01-22T13:41:58+04:00,PASS,Compliant with Purification,Compliant with Purification,PASS,"QA: Borrowings_ST_USD missing/blank treated as 0 (no PDF fallback applied).; Fix A: InterestIncome_USD computed via PDF fallback (Note 12 'Finance income' total SAR 797,972,012) converted at 3.75 SAR/USD.; Period mismatch: report_date (2024-12-31) vs AsOfDate (2026-01-26); external providers may differ; estimation ranges widened.; Declared Shariah entity: no issuer-level Shariah governance evidence found; Shari'a compliant facilities (e.g., Murabaha/Sukuk) are financing-only and not treated as issuer governance.",12.3%,PASS,33.0%,"8,069.98",4.2%,PASS,33.0%,1.7%,PASS,5.0%,171.25,"212,792,537","342,509,360.00",TRUE,1.7%,1.7%,1.71%,1.71,1.7%,1.5%,2.0%,PASS,5.0%,TRUE,"[{""label"":""Haram"",""value"":1.71},{""label"":""Halal"",""value"":98.29}]","[{""name"":""Other non-operating income proxy (50% weight)"",""point"":1.71,""lower"":1.46,""upper"":1.96,""confidence"":""Medium""}]","Saudi Arabian Mining Company (Ma'aden) screened using Bloomberg-normalized USD financials with market-cap denominator. All three ratios passed; NPIN ratio of 1.71% implies purification.","Financial ratios PASS (Debt 12.29% ≤33%, Cash+Inv 4.24% ≤33%, NPIN 1.71% ≤5%). Classification: Compliant with Purification.","Estimated purification range: 1.46%–1.96% (point 1.71%) due to period mismatch; classification unchanged: Compliant with Purification.","[""Debt ratio 12.29% vs 33% threshold (PASS)."",""Cash+Investments ratio 4.24% vs 33% threshold (PASS)."",""NPIN ratio 1.71% vs 5% threshold (PASS) → purification required."",""Declared Shariah governance not evidenced at issuer level; no auto-ban applied (non-investment subindustry)."",""Period mismatch between report fiscal year-end and Bloomberg AsOfDate widened estimation band by ±0.25pp.""]","[""[id=R1 | title=Bloomberg-normalized row (user-provided CSV) | used_for=canonical USD numerics (market cap, revenue, assets, cash, investments, debt, NPIN, non-op proxy) | type=other | url=Bloomberg Terminal export | accessed=2026-01-22]"",""[id=R2 | title=Ma'aden Annual Report / Consolidated FS (year ended 31 Dec 2024) - Note 12 Finance income (SAR 797,972,012) | used_for=Fix A PDF fallback for interest/finance income; report_date confirmation; PDF currency SAR | type=filing | url=local_file:/mnt/data/MAADEN__MAADEN_Annual_2025.pdf | accessed=2026-01-22]"",""[id=R3 | title=Saudi Central Bank (SAMA) affirms USD peg at 3.75 SAR per USD | used_for=FX conversion (SAR→USD) for PDF fallback value | type=other | url=https://www.sama.gov.sa/en-US/News/Pages/news-557.aspx | accessed=2026-01-22]"",""[id=R4 | title=Stock listing reference (TADAWUL:1211) | used_for=exchange and country confirmation | type=other | url=https://stockanalysis.com/quote/tadawul/1211/ | accessed=2026-01-22]"",""[id=R5 | title=Ma'aden Board of Directors Report 2024 | used_for=company description/context | type=report | url=https://axvpvthrjz64.compat.objectstorage.me-jeddah-1.oraclecloud.com/maaden-website-assets/reports/bod-reports/2024-bod-report-en.pdf | accessed=2026-01-22]""]"
SNB AB_2024-12-31,SNB AB,The Saudi National Bank,2024-12-31,Saudi Stock Exchange (Tadawul),Saudi Arabia,Financials,Banks,Equity,Saudi joint stock company regulated by the Saudi Central Bank (SAMA) providing a full range of banking and investment management services; the bank also offers Shariah-compliant (non-special commission based) products approved and supervised by an independent Shariah Board.,TRUE,Conventional banking (Banks sub-industry),"60,848.78","19,274.23","293,925.97","12,439.73","6,805.04",Invesense Methodology,2026-01-22,2026-01-22T10:05:16Z,FAIL,Non-Compliant,Non-Compliant,FAIL,"report_date=2024-12-31 extracted from PDF header 'For the years ended 31 December 2024 and 2023' (SNB__SNB_Annual_2025.pdf, notes section). ; Period mismatch: report_date (2024-12-31) vs AsOfDate (2026-01-27); external providers may differ; estimation ranges widened (if applicable). ; QA: LeaseLiabilities_USD missing/blank in Bloomberg row; treated as 0. ; Fix A: InterestIncome_USD>0 used (Bloomberg) ; Fix B: nonop_unidentified_usd missing/0; PDF line 'Other non-operating income/(expense), net' is net expense (negative) so kept 0 ; NPIN method: NPIN_USD non-zero used (Bloomberg). ; Declared Shariah entity check: PDF states the bank provides a full range of banking services and also offers Shariah-compliant products supervised by an independent Shariah Board; treated as product-level governance (not issuer-wide) → declared_shariah_entity=false.",100.0%,FAIL,33.0%,"74,649.18",31.6%,PASS,33.0%,83.2%,FAIL,5.0%,16037.32,"16,037,322,061",$0,FALSE,0.0%,0.0%,0.00%,0,0.0%,0.0%,0.0%,FAIL,5.0%,FALSE,"[{""label"":""Haram"",""value"":0},{""label"":""Halal"",""value"":0}]",[],"The Saudi National Bank is a Saudi joint stock company headquartered in Riyadh and regulated by SAMA, operating retail, wholesale, capital markets and international banking activities.","Non-Compliant: primary business is conventional banking (Banks sub-industry) and financial ratio screens also fail (debt and non-permissible income exceed thresholds under the market-cap denominator rules).","Estimated lens does not change the verdict; estimated purification is 0 because the company is Non-Compliant.","[""Business activity classified as Banks (conventional banking) → Auto Banned and business_status=FAIL."",""Debt ratio (borrowings + lease liabilities) / market cap = 100.00% vs 33% threshold → FAIL."",""Cash+investments / market cap = 31.63% vs 33% threshold → PASS."",""NPIN / revenue = 83.21% vs 5% threshold → FAIL."",""Period mismatch logged: report_date from audited statements differs from Bloomberg AsOfDate by >6 months.""]","[""[id=R1 | title=Bloomberg normalized inputs (USD) | used_for=financial inputs and derived ratios | type=other | url=Bloomberg Terminal export (user upload) | accessed=2026-01-22]"",""[id=R2 | title=SNB Annual Report - Consolidated Financial Statements (years ended 31 Dec 2024 and 2023) | used_for=report_date, company description, shariah governance statement, nonop check | type=report | url=local_file:/mnt/data/SNB__SNB_Annual_2025.pdf | accessed=2026-01-22]""]"
STC AB_2024-12-31,STC AB,SAUDI TELECOM CO,2024-12-31,Saudi Stock Exchange (Tadawul),Saudi Arabia,Communications,Wireline Telecommunications,Common Shares,"Telecommunications services provider offering fixed and mobile networks, IT/digital services, media services, and digital payments in Saudi Arabia.",FALSE,,"57,025.74","20,569.54","37,842.66","4,128.32","4,049.62",Invesense Methodology,2026-01-22,2026-01-22T09:50:27Z,PASS,Compliant with Purification,Compliant with Purification,PASS,"report_date extracted from annual report: year ended 31 December 2024; Period mismatch: report_date 2024-12-31 vs AsOfDate 2026-01-28 (>6 months); external providers may differ; estimation ranges widened by 0.25pp; Bloomberg input: Borrowings_ST_USD missing/blank treated as 0; NPIN_USD provided by Bloomberg-normalized input (non-zero) so NPIN recomputation not used; Fix A: InterestIncome_USD=0, Int Inc T12M=0, interest income ratio=0; PDF currency SAR (amounts in thousands). PDF Note 39 (Finance income) discloses conventional portion 'SR 147 thousand' (annual report p99); converted using SAR/USD peg 3.75 to USD 39,200; does not override Bloomberg NPIN_USD; declared_shariah_entity=false: no issuer-level Shariah Supervisory Board / fatwa / certificate found in the annual report; Shariah-based products relate to subsidiary operations (invalid for issuer-level gate)",7.9%,PASS,33.0%,"4,491.20",14.3%,PASS,33.0%,1.7%,PASS,5.0%,358.45,"39,200",$716891207,TRUE,1.7%,1.7%,1.74%,1.74,1.7%,1.5%,2.0%,PASS,5.0%,TRUE,"[{""label"": ""Haram"", ""value"": 1.74}, {""label"": ""Halal"", ""value"": 98.26}]","[{""name"": ""Non-operating other income proxy (0.5 × nonop_unidentified_usd)"", ""point"": 1.74, ""lower"": 1.49, ""upper"": 1.99, ""confidence"": ""Medium""}]","Saudi Telecom Company (STC) passes AAOIFI-style financial ratio screens using MarketCap denominator (Debt 7.88%, Cash+Investments 14.34%, NPIN 1.74%). NPIN is positive, so purification is required at 1.74%.","Final verdict: Compliant with Purification. All ratio tests PASS (Debt 7.88%<=33, Cash+Investments 14.34%<=33, NPIN 1.74%<=5). Purification required: 1.74%.","Estimated purification remains 1.74% (range 1.49%–1.99%) due to report_date (2024-12-31) vs AsOfDate (2026-01-28) period mismatch; main driver is non-operating other income proxy.","[""Debt ratio 7.88% (threshold 33%) — PASS"", ""Cash+Investments ratio 14.34% (threshold 33%) — PASS"", ""NPIN ratio 1.74% (threshold 5%) — PASS; purification required at 1.74%"", ""Auto-ban not triggered (not an investment/holding company policy category)."", ""Declared issuer-level Shariah governance not evidenced in the annual report (subsidiary Islamic products do not qualify).""]","[""[id=R1 | title=Bloomberg-normalized dataset (user-provided) | used_for=USD canonical numerics (market cap, revenue, assets, cash/investments, debt, nonop, NPIN) | type=other | url=Bloomberg Terminal export (user paste; no public URL) | accessed=2026-01-22]"", ""[id=R2 | title=Saudi Telecom Company consolidated financial statements notes (year ended 31 Dec 2024) | used_for=report_date, company activities, Fix A finance income disclosure (conventional portion) | type=report | url=local_file:/mnt/data/STC__STC_Annual_2025.pdf | accessed=2026-01-22]"", ""[id=R3 | title=Saudi Exchange (Tadawul) company profile: Saudi Telecom Co. (7010) | used_for=exchange, security type, sector classification cross-check | type=other | url=https://www.saudiexchange.sa/wps/portal/saudiexchange/hidden/company-profile-main/%21ut/p/z1/04_Sj9CPykssy0xPLMnMz0vMAfIjo8ziTR3NDIw8LAz83d2MXA0C3SydAl1c3Q0NvE30I4EKzBEKDMKcTQzMDPxN3H19LAzdTU31w8syU8v1wwkpK8hOMgUA-oskdg%21%21/?companySymbol=7010 | accessed=2026-01-22]"", ""[id=R4 | title=IMF Country Report No. 15/286 (Saudi Arabia) | used_for=FX basis (SAR pegged to USD at 3.75 since 1986) for converting SR 147k conventional finance income disclosure | type=report | url=https://www.imf.org/external/pubs/ft/scr/2015/cr15286.pdf | accessed=2026-01-22]""]"
FAB UH_2024-12-31,FAB UH,FIRST ABU DHABI,2024-12-31,ADX,United Arab Emirates,Financials,Banks,Equity,"Primarily engaged in corporate, consumer, private and investment banking, payment and management services, Islamic banking activities, and real estate activities.",FALSE,,"52,945.66","21,117.50","330,367.16","71,972.43","15,256.42",Invesense Methodology,2026-01-22,2026-01-22T09:45:21.474809Z,FAIL,Non-Compliant,Non-Compliant,PASS,"Computed ratios from Bloomberg-normalized inputs; FixA method 1 used (InterestIncome_USD non-zero). NPIN method=bbg. No PDF numeric fallback used. Declared Shariah governance evidenced via Internal Shari'ah Supervision Committee disclosure in annual report.",83.0%,FAIL,33.0%,"43,958.21",100.0%,FAIL,33.0%,77.3%,FAIL,5.0%,16331.69,"16,331,691,175",$0,FALSE,0.0%,0.0%,0.00%,0,0.0%,0.0%,0.0%,FAIL,5.0%,FALSE,"[{""label"":""Haram"",""value"":0},{""label"":""Halal"",""value"":0}]",[],"FIRST ABU DHABI is primarily engaged in banking and related financial services. Based on Bloomberg-normalized financials (as of 2026-01-29), the non-permissible income ratio (NPIN/Revenue) exceeds the 5% threshold, resulting in a Non-Compliant classification.","Non-Compliant. Debt ratio 83.02% (≤33% FAIL), Cash+Investments ratio 100.00% (≤33% FAIL), NPIN ratio 77.34% (>5% FAIL).","Non-Compliant. Debt ratio 83.02% (≤33% FAIL), Cash+Investments ratio 100.00% (≤33% FAIL), NPIN ratio 77.34% (>5% FAIL).","[""Market cap denominator (USD) used: 52945.66mn."",""Debt conventional (ST+LT+Lease) = 43958.21mn; ratio 83.02% (threshold 33%)."",""Cash+conventional investments = 87228.85mn; ratio 100.00% (threshold 33%)."",""NPIN numerator = 16331.69mn; NPIN/Revenue = 77.34% (threshold 5%)."",""Issuer has Islamic banking activities governed by an Internal Shari'ah Supervision Committee per the annual report.""]","[""[id=R1 | title=Bloomberg normalized export (user provided) | used_for=market data + financial numerics | type=other | url=Bloomberg Terminal export | accessed=2026-01-22]"",""[id=R2 | title=FAB Integrated Report / Annual Report 2024 | used_for=fiscal year end, exchange listing, shariah governance disclosure, business description | type=report | url=local_file:/mnt/data/FAB__FAB_First Abu Dhabi Bank_IntegratedReport_2024.pdf | accessed=2026-01-22]""]"
EMIRATES UH_2024-12-31,EMIRATES UH,Emirates NBD Bank (P.J.S.C.),2024-12-31,Dubai Financial Market,United Arab Emirates,Financials,Banks,Equity,"Public joint stock company incorporated in the UAE; listed on the Dubai Financial Market; principal activities include corporate and institutional banking, retail banking, treasury and Islamic banking.",FALSE,,"50,052.28","27,968.93","271,369.28","31,855.29","2,807.14",Invesense Methodology,2026-01-22,2026-01-22T00:00:00Z,FAIL,Non-Compliant,Non-Compliant,PASS,"Period mismatch: report_date vs AsOfDate; external providers may differ; estimation ranges widened | QA: LeaseLiabilities_USD: '-'->0 | Fix B: nonop_unidentified_usd was 0; PDF fallback used from 'Other operating income' table line 'Other income (net)' (AED 103 million) on PDF p23; converted AED->USD at 1 USD=3.6725 AED (CBUAE); nonop_unidentified_usd_effective=28,046,289.99 | Declared Shariah entity: no issuer-level Shariah governance evidence found in provided FY2024 filing; Islamic products relate to Emirates Islamic Bank subsidiary/products; declared_shariah_entity=false",30.2%,PASS,33.0%,"15,113.19",69.3%,FAIL,33.0%,79.5%,FAIL,5.0%,22243.38,"22,243,378,097",$28046290,FALSE,0.0%,0.0%,0.00%,0,0.0%,0.0%,0.0%,FAIL,5.0%,FALSE,"[{""label"":""Haram"",""value"":0},{""label"":""Halal"",""value"":0}]",[],"Emirates NBD Bank (P.J.S.C.) screened using Bloomberg-normalized USD inputs (AsOfDate 2026-01-30) and FY report_date 2024-12-31. MarketCap 50052.28 USD mn. Debt ratio 30.19% (threshold 33.00%) => PASS. Cash+Inv ratio 69.25% (threshold 33.00%) => FAIL. NPIN ratio 79.53% (threshold 5.00%) => FAIL. Final classification: Non-Compliant.","Non-Compliant. Business status PASS. Debt 30.19% (PASS), Cash+Inv 69.25% (FAIL), NPIN 79.53% (FAIL). Purification required: False.","Non-Compliant. Estimated purification lens not applicable (not Compliant with Purification).","[""Period mismatch: report_date 2024-12-31 vs AsOfDate 2026-01-30 (>6 months); external providers may differ; estimation ranges widened."",""NPIN ratio FAIL: 79.53% > 5.00% (NPIN numerator 22243.38 USD mn; revenue 27968.93 USD mn)."",""Cash+Investments ratio FAIL: 69.25% > 33.00% (Cash+Inv 34662.43 USD mn; MarketCap 50052.28 USD mn)."",""Declared Shariah entity not evidenced at issuer level in provided FY2024 filing; declared_shariah_entity=false.""]","[""[id=R1 | title=Bloomberg normalized export (user-provided row) | used_for=canonical USD financial inputs (market cap, cash/invest, borrowings, revenue, NPIN) | type=other | url=Bloomberg Terminal export | accessed=2026-01-22]"",""[id=R2 | title=Emirates NBD Bank (P.J.S.C.) Financial Statements 2024 (annual report PDF) | used_for=report_date (FY end 31 Dec 2024), listing/exchange/country, currency (AED), nonop fallback source line 'Other income (net)' | type=filing | url=local_file:/mnt/data/EMIRATESNBD__EMIRATESNBD_Emirates NBD PJSC_Annual_2024.pdf | accessed=2026-01-22]"",""[id=R3 | title=Central Bank of the UAE exchange rates (USD/AED 3.6725) | used_for=FX rate to convert AED disclosures to USD for PDF fallback values | type=other | url=https://www.centralbank.ae/en/forex-eibor/exchange-rates/ | accessed=2026-01-22]""]"
KFH KK_2024-12-31,KFH KK,Kuwait Finance House K.S.C.P.,2024-12-31,Kuwait Boursa,Kuwait,Financials,Banks,Equity,"Kuwait Finance House K.S.C.P. is a Kuwait-based Islamic bank registered with the Central Bank of Kuwait and engaged in Islamic banking activities including financing, investment activities, leasing, and related services.",FALSE,,"47,764.05","11,756.61","119,043.89","13,686.08","23,348.07",Invesense Methodology,2026-01-22,2026-01-22T11:12:47Z,PASS,Compliant,Compliant,PASS,"report_date set to FY ended 31 December 2024 from Kuwait Finance House_2024.pdf (cover/Note 1 Corporate Information). Issuer-level Shariah governance evidenced: registered as an Islamic bank and activities conducted in accordance with Islamic Shari'a as approved by the Bank's Fatwa and Shari'a Supervisory Board (Note 1). Declared Shariah override applied (issuer-level Shariah governance proven); ratios/statuses overridden per policy. Period mismatch: report_date vs AsOfDate; external providers may differ; estimation ranges widened. QA: Borrowings_LT_USD and LeaseLiabilities_USD missing treated as 0.",0.0%,PASS,33.0%,"31,333.90",0.0%,PASS,33.0%,0.0%,PASS,5.0%,0,0,0,FALSE,0.0%,0.0%,0.00%,0,0.0%,0.0%,0.0%,PASS,5.0%,FALSE,"[{""label"":""Haram"",""value"":0},{""label"":""Halal"",""value"":100}]",[],"Kuwait Finance House is an Islamic bank listed on Kuwait Boursa, providing Sharia-compliant banking, financing, investment and leasing services.","Declared Shariah entity confirmed from the FY2024 financial statements; issuer-level Shariah governance proven and policy override applied. Final classification: Compliant. No purification required.","Declared Shariah entity confirmed from the FY2024 financial statements; issuer-level Shariah governance proven and policy override applied. Final classification: Compliant. No purification required.","[""FY2024 consolidated financial statements state the Bank is registered as an Islamic bank with the Central Bank of Kuwait."",""All activities are conducted in accordance with Islamic Shari'a as approved by the Bank's Fatwa and Shari'a Supervisory Board."",""Declared Shariah override applied; ratio screens overridden per policy; final classification Compliant; purification not required."",""Bloomberg AsOfDate (2026-01-31) differs materially from FY end (2024-12-31); period mismatch logged.""]","[""[id=R1 | title=Bloomberg Terminal export | used_for=Bloomberg-normalized financial inputs (USD) | type=other | url=Bloomberg Terminal export (user paste; no public URL) | accessed=2026-01-22]"",""[id=R2 | title=Kuwait Finance House K.S.C.P. and Subsidiaries Consolidated Financial Statements (FY ended 31 December 2024) | used_for=report_date and issuer-level Shariah governance evidence | type=report | url=local_file:/mnt/data/Kuwait Finance House_2024.pdf | accessed=2026-01-22]""]"
QNBK_QD_2024-12-31,QNBK QD Equity,Qatar National Bank (Q.P.S.C.),2024-12-31,Qatar Stock Exchange,Qatar,Financials,Banks,Equity,Qatar National Bank (Q.P.S.C.) (QNB Group) is a Qatar-based commercial bank providing banking and financial services in Qatar and internationally.,FALSE,,"47,757.46","37,935.56","381,646.32","25,200.26",449.93,Invesense Methodology,2026-01-22,2026-01-22T10:42:02+00:00,FAIL,Non-Compliant,Non-Compliant,PASS,"Period mismatch: report_date vs AsOfDate; external providers may differ; estimation ranges widened | report_date extracted from QNB Annual 2024 PDF (Consolidated Financial Statements header; page 1) | Declared Shariah entity: false (no issuer-level SSB/fatwa/certificate found in annual report) | Fix A: InterestIncome_USD_effective sourced from Bloomberg InterestIncome_USD (non-zero) | NPIN_USD_effective sourced from Bloomberg NPIN_USD (non-zero); no proxy recomputation applied | Fix B: nonop_unidentified_usd is 0; no PDF fallback applied",100.0%,FAIL,33.0%,"54,874.70",53.7%,FAIL,33.0%,91.1%,FAIL,5.0%,34555.84,"34,555,840,988",$0,FALSE,0.0%,0.0%,0.00%,0,0.0%,0.0%,0.0%,FAIL,5.0%,FALSE,"[{""label"":""Haram"",""value"":0},{""label"":""Halal"",""value"":0}]",[],"Qatar National Bank (Q.P.S.C.) (ticker: QNBK QD) is a Qatar-based commercial bank. Screening using market-cap denominators (Assets-Modified match) results in Debt ratio 100.00% (threshold 33%), Cash+Investments ratio 53.71% (threshold 33%), and NPIN ratio 91.09% (threshold 5%); final classification: Non-Compliant.","Business screen: PASS. Declared issuer-level Shariah governance: false. Financial screens (market cap denominator): Debt 100.00% (FAIL), Cash+Investments 53.71% (FAIL), NPIN 91.09% (FAIL). Final classification: Non-Compliant.","Business screen: PASS. Declared issuer-level Shariah governance: false. Financial screens (market cap denominator): Debt 100.00% (FAIL), Cash+Investments 53.71% (FAIL), NPIN 91.09% (FAIL). Final classification: Non-Compliant.","[""Report date set to 2024-12-31 from the annual report fiscal year end."", ""Market cap denominator used: 47757.46 USD mn (Bloomberg)."", ""Debt ratio 100.00% vs 33% threshold → FAIL."", ""Cash+Investments ratio 53.71% vs 33% threshold → FAIL."", ""NPIN ratio 91.09% vs 5% threshold → FAIL."", ""Final classification: Non-Compliant.""]","[""[id=R1 | title=Bloomberg-normalized inputs (1 ticker.csv) | used_for=Bloomberg-normalized financial inputs | type=other | url=local_file:/mnt/data/1 ticker.csv | accessed=2026-01-22]"", ""[id=R2 | title=QNB Annual 2024 (uploaded PDF) | used_for=report_date and governance scan | type=report | url=local_file:/mnt/data/QNBK__QNBK_QNB_Annual_2024.pdf | accessed=2026-01-22]""]"
EAND UH Equity__2024-12-31,EAND UH,Emirates Telecommunications Group Company PJSC,2024-12-31,Abu Dhabi Securities Exchange (ADX),United Arab Emirates,Communications,Wireless Telecommunications,Equity,"Headquartered in Abu Dhabi, e& (Emirates Telecommunications Group Company PJSC) operates as a global technology and digital services group, delivering connectivity and digital solutions across 38 countries to government, enterprise and consumer customers.",FALSE,,"43,857.70","19,063.59","49,817.28","8,574.37",666.70,Invesense Methodology,2026-01-22,2026-01-22T17:16:43+04:00,FAIL,Non-Compliant,Non-Compliant,PASS,"Period mismatch: report_date vs AsOfDate; Fix A and Fix C applied; no issuer-level Shariah governance evidenced.",46.1%,FAIL,33.0%,"20,212.76",21.1%,PASS,33.0%,0.2%,PASS,5.0%,28.44,"16,827,774",$56882399,FALSE,0.0%,0.0%,0.00%,0,0.0%,0.0%,0.0%,PASS,5.0%,FALSE,"[{""label"":""Haram"",""value"":0},{""label"":""Halal"",""value"":0}]",[],"e& (Emirates Telecommunications Group Company PJSC) is a UAE-based telecommunications and technology group listed on the ADX.",Final classification: Non-Compliant due to debt ratio exceeding threshold.,Estimated NPIN does not alter verdict.,"[""Business PASS"",""Debt FAIL"",""Cash PASS"",""NPIN PASS"",""No Shariah governance""]","[""Bloomberg export"",""Integrated Annual Report 2024"",""CBUAE FX rates""]"
SABIC AB|2024-12-31,SABIC AB,SABIC,2024-12-31,Saudi Exchange (Tadawul),Saudi Arabia,Materials,Basic & Diversified Chemicals,Equity,"Saudi Basic Industries Corporation (SABIC) is a Saudi joint stock company established under Royal Decree M/66 (1976), registered in Riyadh, with subsidiaries engaged in manufacturing, marketing and distribution of petrochemicals, specialties and related products and agri-nutrients.",FALSE,,"42,229.44","37,090.67","74,008.60","7,150.60","2,041.44",Invesense Methodology,2026-01-22,2026-02-03T00:00:00Z,PASS,Compliant with Purification,Compliant with Purification,PASS,"report_date set to 2024-12-31 from uploaded annual consolidated financial statements (year ended 31 December 2024). | Period mismatch: report_date 2024-12-31 vs AsOfDate 2026-02-03; external providers may differ; estimation ranges widened. | declared_shariah_entity=false (no issuer-level Shariah governance keywords found in uploaded report). | Fix A not triggered because NPIN_USD was provided by Bloomberg (non-zero); interest income fields in input were 0.",20.9%,PASS,33.0%,"8,831.20",21.8%,PASS,33.0%,0.2%,PASS,5.0%,74.06,0,$148117395,TRUE,0.2%,0.2%,0.20%,0.2,0.2%,0.0%,0.5%,PASS,5.0%,TRUE,"[{""label"":""Haram"",""value"":0.2},{""label"":""Halal"",""value"":99.8}]","[{""name"":""Other non-operating income proxy (50%)"",""point"":0.2,""lower"":0.0,""upper"":0.45,""confidence"":""Medium""}]","SABIC is a Saudi Arabia–based diversified chemicals group operating across petrochemicals, specialties and agri-nutrients, with operations conducted through subsidiaries.","Business activity (Materials / Basic & Diversified Chemicals) is not auto-banned and no issuer-level Shariah governance was identified. Market-cap denominator used (USD 42229.44m). Debt ratio 20.91% (<=33) PASS; Cash+Investments ratio 21.77% (<=33) PASS; NPIN ratio 0.20% (<=5) PASS. Verdict: Compliant with Purification. Purification recommended at 0.20%.","Estimated NPIN purification point 0.20% (range 0.00%–0.45%). Period mismatch between report_date 2024-12-31 and AsOfDate 2026-02-03 widened the range.","[""Sector/Sub-industry: Materials / Basic & Diversified Chemicals; no business auto-ban triggered."",""Market cap (denominator): USD 42229.44m."",""Debt conventional USD 8831.20m → debt ratio 20.91% (threshold 33) → PASS."",""Cash+Investments USD 9192.03m → cash/inv ratio 21.77% (threshold 33) → PASS."",""NPIN numerator USD 74.06m and revenue USD 37090.67m → NPIN ratio 0.20% (threshold 5) → PASS → purification 0.20%."",""QA: Period mismatch report_date 2024-12-31 vs AsOfDate 2026-02-03; estimation range widened per policy.""]","[""[id=R1 | title=Bloomberg-normalized input row (ticker.csv) | used_for=USD financial inputs and ratio computations | type=other | url=local_file:/mnt/data/1 ticker.csv | accessed=2026-01-22]"",""[id=R2 | title=SABIC Annual Consolidated Financial Statements 2024 (uploaded PDF) | used_for=report_date, corporate information, Shariah governance scan | type=filing | url=local_file:/mnt/data/SABIC__SABIC_Annual_2025.pdf | accessed=2026-01-22]""]"
DEWA UH_2024-12-31,DEWA UH,Dubai Electricity and Water Authority PJSC,2024-12-31,Dubai Financial Market (DFM),United Arab Emirates,Utilities,Integrated Electric Utilities,Equity,"Dubai Electricity and Water Authority PJSC provides electricity generation, transmission and distribution, and water desalination and distribution in the Emirate of Dubai, UAE; the group also operates district cooling through subsidiaries.",FALSE,,"38,666.60","8,811.43","50,308.87","2,545.13","2,107.32",Invesense Methodology,2026-01-22,2026-01-22T15:36:03+04:00,PASS,Compliant with Purification,Compliant with Purification,PASS,"Period mismatch: report_date 2024-12-31 vs AsOfDate 2026-02-04; external providers may differ; estimation ranges widened. Declared Shariah entity check: no issuer-level SSB/fatwa/certificate found in FY2024 annual report; only facility-level 'Shariah compliant loan' disclosed (Note 21). Ratios recomputed using MarketCap_USD denominator (Assets-Modified match); Bloomberg QA ratio/status fields ignored. Interest income used via Fix A priority: InterestIncome_USD; NPIN used from Bloomberg NPIN_USD.",25.8%,PASS,33.0%,"9,963.77",12.0%,PASS,33.0%,4.7%,PASS,5.0%,411.5444,"229,000,000",$365000000,TRUE,4.7%,4.7%,4.67%,4.67,4.7%,4.4%,4.9%,PASS,5.0%,TRUE,"[{""label"":""Haram"",""value"":4.67},{""label"":""Halal"",""value"":95.33}]","[{""name"":""Interest income (Bloomberg; Fix A priority)"",""point"":2.6,""lower"":2.46,""upper"":2.74,""confidence"":""Medium""},{""name"":""Other income proxy (50% of nonop_unidentified; Fix B)"",""point"":2.07,""lower"":1.96,""upper"":2.18,""confidence"":""Medium""}]","Dubai Electricity and Water Authority PJSC provides electricity generation, transmission and distribution, and water desalination and distribution in the Emirate of Dubai, UAE; the group also operates district cooling through subsidiaries.","Declared Shariah entity: No issuer-level Shariah governance evidence found in FY2024 annual report (facility-level 'Shariah compliant loan' noted only). Business screen: PASS. Financial screens (denominator=market cap): Debt 25.77% (<=33) PASS, Cash+Invest 12.03% (<=33) PASS, NPIN 4.67% (<=5) PASS. Final classification: Compliant with Purification. Purification required at 4.67% of revenue-equivalent.","Estimated purification lens: point 4.67%, range 4.42%–4.92% based on segment breakdown and period mismatch widening.","[""Business activity: integrated electric and water utility operations; no policy auto-ban triggered."",""Debt ratio (conventional debt / market cap): 25.77% vs 33% threshold → PASS."",""Cash+Investments ratio (cash+investments / market cap): 12.03% vs 33% threshold → PASS."",""NPIN ratio (interest income + 50% other non-operating income proxy / revenue): 4.67% vs 5% threshold → PASS."",""Purification required: 4.67% (Compliant with Purification)."",""Period mismatch: FY2024 report_date vs Bloomberg AsOfDate; purification estimate range widened by 0.25pp.""]","[""[id=R1 | title=Bloomberg-normalized USD inputs (uploaded CSV) | used_for=market cap, revenue, assets, debt, cash+investments, interest and nonop proxies | type=other | url=local_file:/mnt/data/1%20ticker.csv | accessed=2026-01-22]"",""[id=R2 | title=DEWA Annual Report / Consolidated Financial Statements FY2024 | used_for=report_date, exchange/country confirmation, business description, Shariah governance scan | type=report | url=local_file:/mnt/data/DEWA__DEWA_Dubai%20Electricity%20%26%20Water%20Authority%20PJSC_Annual_2024.pdf | accessed=2026-01-22]""]"
ACWA AB Equity|2026-02-05,ACWA AB Equity,ACWA POWER CO,2026-02-05,Saudi Stock Exchange (Tadawul),Saudi Arabia,Utilities,Power Generation,Common Stock,"ACWA Power is a Saudi Arabia-based developer, investor and operator of power generation and seawater desalination projects, with activities spanning generation assets and related infrastructure.",FALSE,,"38,335.38","1,894.60","15,142.18","1,944.23",74.75,Invesense Methodology,2026-01-22,2026-02-05T00:00:00Z,PASS,Non-Compliant,Non-Compliant,PASS,"QA: Uploaded PDF appears to be for Dubai Electricity and Water Authority PJSC (DEWA) and does not match the Bloomberg input company; PDF not used for this run. | QA: report_date not deterministically extractable for issuer from provided filing set; using AsOfDate. | Declared Shariah entity: No issuer-level Shariah governance evidence found in the provided filing set; Shariah-compliant financings (e.g., sukuk/loans) are instrument-level and do not qualify.",17.1%,PASS,33.0%,"6,549.82",5.3%,PASS,33.0%,10.8%,FAIL,5.0%,204.2,"142,000,000",$124000000,FALSE,0.0%,0.0%,0.00%,0,0.0%,0.0%,0.0%,FAIL,5.0%,FALSE,"[{""label"":""Haram"",""value"":0},{""label"":""Halal"",""value"":0}]",[],"ACWA Power is a Saudi Arabia-based developer, investor and operator of power generation and seawater desalination projects, with activities spanning generation assets and related infrastructure.","Result: Non-Compliant. Business screen PASS, but NPIN ratio 10.78% exceeds the 5% threshold (debt 17.09% PASS; cash+investments 5.27% PASS).","Result: Non-Compliant. Business screen PASS, but NPIN ratio 10.78% exceeds the 5% threshold (debt 17.09% PASS; cash+investments 5.27% PASS).","[""Business activity screen: Utilities / Power Generation → PASS (no policy auto-ban)."",""MarketCap denominator used (Alraya Assets-Modified): 38335.38 USD mn."",""Debt ratio = 17.09% (threshold 33%) → PASS."",""Cash+Investments ratio = 5.27% (threshold 33%) → PASS."",""NPIN ratio = 10.78% of revenue (threshold 5%) → FAIL → final classification Non-Compliant.""]","[""id=R1 | title=Bloomberg Terminal export (user paste) | used_for=Bloomberg-normalized financial inputs and market cap | type=other | url=Bloomberg Terminal export (user paste; no public URL) | accessed=2026-01-22"",""id=R2 | title=Bloomberg company profile: ACWA Power Co | used_for=company description""]"